account_name,sector,supplier,value_estimate,total_spend,idox_penetration
100Green,Energy,UNKNOWN,,,0
"1310 (Farnborough, Hampshire, England)",Fibre,UNKNOWN,,,0
"1p Broadband (Alton, Hampshire, England)",Fibre,UNKNOWN,,,0
"6Gi (Lancashire, England)",Fibre,UNKNOWN,,,0
"AAISP (Bracknell, Berkshire, England)",Fibre,UNKNOWN,,,0
ABEI Energy Limited,Energy,IDOX,,15000.0,7
ABP Marine Environmental Research Limited,Renewables,IDOX,,8033.74,2
Affinity Water,Water,OTHER,110000.0,,0
Aggregate Industries UK Ltd,Infrastructure,IDOX,,24099.42,6
Air Fibre (Northern Ireland),Fibre,UNKNOWN,,,0
"Airband (Worcester, Worcestershire, England)",Fibre,UNKNOWN,,,0
"Airwave Communications (Derby, Derbyshire, England)",Fibre,UNKNOWN,,,0
Allpoints Fibre Networks Limited,Fibre,IDOX,,10792.92,2
"Alncom (Alnwick, Northumberland, England)",Fibre,IDOX,,,0
AMP Energy Services Ltd,Energy,IDOX,,11173.21,5
Andrew Moseley Associates Ltd,Infrastructure,IDOX,,5200.23,2
Andrews & Arnold Ltd,Fibre,UNKNOWN,,,0
Anesco Limited,Renewables,IDOX,,25228.76,6
Anglian Water,Water,ESRI,970000.0,,0
Angus Energy,Energy,UNKNOWN,,,0
"Angus WISP (Inverarity By Forfar, Angus, Scotland)",Fibre,UNKNOWN,,,0
Aquiss,Fibre,UNKNOWN,,,0
"ASDA Mobile (Leeds, West Yorkshire, England)",Fibre,UNKNOWN,,,0
"Ashford Fibre (Ashford. Kent, England)",Fibre,UNKNOWN,,,0
B&D Energy,Energy,UNKNOWN,,,0
"B4RK (Faversham, Kent, England)",Fibre,UNKNOWN,,,0
"B4RN (Lancaster, Lancashire, England)",Fibre,UNKNOWN,,,0
"B4SH (Guildford, Surrey, England)",Fibre,UNKNOWN,,,0
"Back of Beyond Broadband (Oban, Argyll and Bute, Scotland)",Fibre,UNKNOWN,,,0
"Badenoch Broadband (Laggan, Badenoch, Scotland)",Fibre,UNKNOWN,,,0
"Ballscoigne (Hampshire, England)",Fibre,UNKNOWN,,,0
"Beacon Broadband (Londonderry, Northern Ireland)",Fibre,UNKNOWN,,,0
"Beeline Broadband (North Yorkshire, England)",Fibre,UNKNOWN,,,0
"BeFibre (Middlesex, London, England)",Fibre,UNKNOWN,,,0
Belltown Power UK Limited,Energy,IDOX,,15504.95,4
BES Utilities,Energy,UNKNOWN,,,0
"BitStreme (Bedford, Bedfordshire, England)",Fibre,UNKNOWN,,,0
"Bluebox (Londonderry, Northern Ireland)",Fibre,UNKNOWN,,,0
"Bluewave Internet (Carmarthenshire, Wales)",Fibre,UNKNOWN,,,0
BOC,Energy,UNKNOWN,,,0
Boldyn Networks UK Limited,Fibre,IDOX,,33629.41,6
"bOnline (London, England)",Fibre,UNKNOWN,,,0
Boost energy,Energy,UNKNOWN,,,0
Boralex Ltd,Renewables,IDOX,,13460.0,6
"Boundless Networks (West Yorkshire, England)",Fibre,UNKNOWN,,,0
Box Broadband,Fibre,ESRI,15000.0,,0
BP,Energy,UNKNOWN,,,0
BPA,Energy,UNKNOWN,,,0
"BrawBand (Inverness, Scotland)",Fibre,UNKNOWN,,,0
"Brdy (London, England)",Fibre,UNKNOWN,,,0
"BreezTel (London, England)",Fibre,UNKNOWN,,,0
"Briant Broadband (West Sussex, England)",Fibre,UNKNOWN,,,0
"Brighton Fibre (Brighton, East Sussex, England)",Fibre,UNKNOWN,,,0
"Brillband (Glasgow, Scotland)",Fibre,UNKNOWN,,,0
"Briskona (Northumberland, England)",Fibre,UNKNOWN,,,0
Bristol Water - OS Migration,Water,OTHER,86513.0,,0
British Gas ,Energy,UNKNOWN,,,0
BritNed,Energy,UNKNOWN,,,0
"Brsk (London, England)",Fibre,UNKNOWN,,,0
BT,Fibre,LANDMARK,,,0
"Buckminster Broadband (Buckminster, Leicestershire, England)",Fibre,UNKNOWN,,,0
Bulb Energy,Energy,UNKNOWN,,,0
Cadent Gas,Energy,ESRI,1389873.57,,0
"Call Flow (Kent, England)",Fibre,UNKNOWN,,,0
"Call27 (Newcastle upon Tyne, England)",Fibre,UNKNOWN,,,0
"Cambridge Fibre (Cambridge, Cambridgeshire, England)",Fibre,UNKNOWN,,,0
Cambridge Water,Water,UNKNOWN,,,0
Cambridgeshire County Council Climate Change and Energy Services,Renewables,UNKNOWN,,,0
"Caravan Internet (Essex, England)",Fibre,UNKNOWN,,,0
Causeway Technologies Limited,Infrastructure,IDOX,,111210.0,18
CEMEX,Infrastructure,UNKNOWN,,,0
Central Area Transmission System (CATS),Energy,UNKNOWN,,,0
Centrica Storage,Energy,UNKNOWN,,,0
"Cerberus Networks (Middlesex, England)",Fibre,UNKNOWN,,,0
Chevron Traffic Management Limited,Infrastructure,IDOX,,27500.0,13
CityFibre Limited,Fibre,IDOX,,1574517.33,191
"CIX (Surrey, England)",Fibre,UNKNOWN,,,0
"Clear Picture (Kent, England)",Fibre,UNKNOWN,,,0
"CloudScape Connect (Leicester, England)",Fibre,UNKNOWN,,,0
CNG Services Ltd,Energy,UNKNOWN,,,0
"Colchester Fibre (Colchester, Essex, England)",Fibre,UNKNOWN,,,0
Collett & Sons Ltd,Infrastructure,IDOX,,8832.54,4
Colt Technology Services,Fibre,IDOX,,301542.34,55
"Community Fibre (London, England)",Fibre,ESRI,57000.0,,0
"Connect Fibre (Cambridge, Cambridgeshire, England)",Fibre,IDOX,,,0
"Connexin (England, London and Hull)",Fibre,LANDMARK,53000.0,,0
ConocoPhillips,Energy,UNKNOWN,,,0
Conrad Energy (Developments) Ltd,Renewables,IDOX,,6867.63,3
Co-Operative Energy ,Energy,UNKNOWN,,,0
Core Highways (Regions) Ltd,Infrastructure,IDOX,,28284.99,14
Coriolis Energy Ltd,Energy,IDOX,,9534.4,5
"Cornwall Broadband (Bude, Cornwall, England)",Fibre,UNKNOWN,,,0
Corona Energy ,Energy,UNKNOWN,,,0
"Country Connect (Newport, Wales)",Fibre,UNKNOWN,,,0
"Countryside Broadband (Woodcote, Reading, England)",Fibre,UNKNOWN,,,0
"County Broadband (Essex, England)",Fibre,UNKNOWN,,,0
"Cromarty Firth Wireless Broadband (Cromarty Firth, Scotland)",Fibre,UNKNOWN,,,0
CSP,Infrastructure,UNKNOWN,,,0
Cuckoo,Fibre,LANDMARK,20000.0,,0
Dalcour Maclaren Ltd,Infrastructure,IDOX,,24594.42,6
"Derbyshire Broadband (Derbyshire, England)",Fibre,UNKNOWN,,,0
Diamond Transmission Corporation,Energy,UNKNOWN,,,0
"Direct Save Telecom (Hertfordshire, England)",Fibre,UNKNOWN,,,0
"Distant Voice (Weybridge, Surrey, England)",Fibre,UNKNOWN,,,0
Downing Renewable Developments LLP,Renewables,IDOX,,13566.45,3
Drax,Energy,UNKNOWN,,,0
"Drimnin Community Broadband (Drimnin, Oban, Scotland)",Fibre,UNKNOWN,,,0
DS Smith,Infrastructure,UNKNOWN,,,0
DTA Transportation Limited,Infrastructure,IDOX,,9488.06,5
Dwr Cymru Welsh Water - OS Migration,Water,OTHER,472621.0,,0
E (gas and Electricity) ,Energy,UNKNOWN,,,0
E Energy,Energy,UNKNOWN,,,0
E. ON Next / Sainsbury's Energy,Energy,UNKNOWN,,,0
E.ON,Energy,UNKNOWN,,,0
"Earth (Ringwood, Hampshire, England)",Fibre,UNKNOWN,,,0
"Eclipse Broadband (Horsham, West Sussex, England)",Fibre,UNKNOWN,,,0
"Ecom (Whitchurch, Buckinghamshire, England)",Fibre,UNKNOWN,,,0
Ecotricity Generation Limited,Energy,IDOX,,9578.84,2
EDF Energy limited,Energy,IDOX,,15082.38,4
EDF Energy Renewables Ltd,Renewables,IDOX,,16706.33,4
EE,Fibre,UNKNOWN,,,0
EirGrid,Energy,UNKNOWN,,,0
Eleclink,Energy,UNKNOWN,,,0
Electricity North West - OS Migration,Energy,OTHER,351317.0,,0
Elements Green Limited,Renewables,IDOX,,7742.87,4
Elgin Energy ES CO Limited,Energy,IDOX,,43007.54,10
Energy Assets Networks,Energy,UNKNOWN,,,0
ENI & HIMOR c/o Penspen Ltd,Energy,UNKNOWN,,,0
EnQuest,Energy,UNKNOWN,,,0
Enray Power Ltd,Energy,IDOX,,11479.89,6
Enso Energy Ltd,Energy,IDOX,,12088.4,6
Enviromena Project Management UK Limited,Renewables,IDOX,,15175.6,7
Eon,Energy,OTHER,11949.0,,0
EP Langage Limited,Infrastructure,UNKNOWN,,,0
Equitix,Energy,UNKNOWN,,,0
ES Pipelines Ltd,Energy,IDOX,,30036.23,7
ESB,Energy,UNKNOWN,,,0
ESP Utilities Group Ltd,Energy,IDOX,,,0
Essar Energy,Energy,UNKNOWN,,,0
"Essex WiFi (Kelvedon, Essex, England)",Fibre,UNKNOWN,,,0
ESSO,Energy,UNKNOWN,,,0
euNetworks,Fibre,UNKNOWN,,,0
Eurowind Energy Limited,Energy,IDOX,,9538.98,5
EXA Infrastructure,Infrastructure,UNKNOWN,,,0
"Exascale (West Midlands, England)",Fibre,UNKNOWN,,,0
"External Reality (Inverness, Scotland)",Fibre,UNKNOWN,,,0
Fastnet,Fibre,UNKNOWN,,,0
"FastNet (Brighton, England)",Fibre,UNKNOWN,,,0
Fibre Assets Limited T/A Connect Fibre,Fibre,IDOX,,181248.52,22
fibre.net,Fibre,UNKNOWN,,,0
"Fibrecast (Dundee, Scotland)",Fibre,UNKNOWN,,,0
"Fibreconnect (Newcastle, Tyne and Wear, England)",Fibre,UNKNOWN,,,0
"FibreHop (Somerset, Clevedon, England)",Fibre,UNKNOWN,,,0
"FibreNest (Fulford, York, England)",Fibre,UNKNOWN,,,0
Fibrus Networks GB Ltd,Fibre,ESRI,25000.0,10310.16,2
"File Sanctuary (Middlesbrough, North Yorkshire, England)",Fibre,UNKNOWN,,,0
"FirstMile (Herefordshire, England)",Fibre,UNKNOWN,,,0
Five Estuaries Offshore Wind Farm Ltd,Energy,IDOX,,7492.97,4
Flotation Energy Limited,Energy,IDOX,,13804.47,7
Force 9 Energy Limited,Energy,IDOX,,8471.2,4
"Fram Broadband (Framlingham, Suffolk, England)",Fibre,UNKNOWN,,,0
"Freedomsat (Hampshire, England)",Fibre,UNKNOWN,,,0
"Freeola (Essex, England)",Fibre,UNKNOWN,,,0
Fulcrum,Energy,IDOX,,16783.0,8
Full Fibre Ltd,Fibre,IDOX,,57822.18,21
"Fusion Fibre Group (Liverpool, England)",Fibre,UNKNOWN,,,0
"G.Network (London, England)",Fibre,ESRI,45000.0,,0
Gamma,Fibre,UNKNOWN,,,0
Gas Networks Ireland,Energy,OTHER,9000.0,,0
Gateshead,Infrastructure,UNKNOWN,,,0
Gazprom,Energy,UNKNOWN,,,0
GEO Environmental Engineering Ltd,Infrastructure,IDOX,,12526.19,6
"Giant (Liverpool, England)",Fibre,UNKNOWN,,,0
"giffgaff (Slough, Berkshire, England)",Fibre,UNKNOWN,,,0
"Gigabeam (Itchen Abbas, Hampshire, England)",Fibre,UNKNOWN,,,0
"Gigabit Networks (Leicester, Leicestershire, England)",Fibre,UNKNOWN,,,0
"Gigaclear (Oxfordshire, England)",Fibre,LANDMARK,,,0
Glide Business Limited,Fibre,IDOX,,21214.45,8
"Go Internet (Isle of Wight, England)",Fibre,UNKNOWN,,,0
GOFIBRE HOLDINGS LIMITED,Fibre,IDOX,,281196.32,34
Good Energy ,Energy,UNKNOWN,,,0
"Gradwell (Bath, England)",Fibre,UNKNOWN,,,0
"Grain (London, England)",Fibre,UNKNOWN,,,0
Granta Backbone Network,Fibre,UNKNOWN,,,0
"Grayshott Gigabit (Hindhead, Surrey, England)",Fibre,UNKNOWN,,,0
Green Cat Renewables Ltd,Renewables,IDOX,,29707.24,7
Green Energy UK,Energy,UNKNOWN,,,0
"Green Grass Broadband (Wiltshire, England)",Fibre,UNKNOWN,,,0
"Green ISP (West Yorkshire, England)",Fibre,UNKNOWN,,,0
GreenPower (International) Ltd,Energy,IDOX,,8142.66,2
GRIDSERVE EMEA DEPC LTD,Fibre,IDOX,,59860.2,11
Hanson Quarry Products Europe Ltd,Infrastructure,IDOX,,9484.48,2
Heathrow Airport Limited,Infrastructure,IDOX,,169001.43,81
Hedgehog Grove Solar Farm Ltd,Renewables,IDOX,,11201.78,5
Hemiko Limited,Energy,IDOX,,13194.49,3
"HERBS Broadband (Grantham, Leicestershire, England)",Fibre,UNKNOWN,,,0
"Herefordshire Community Network (Bath, Somerset, England)",Fibre,UNKNOWN,,,0
"Hey! Broadband (Altrincham, Cheshire, England)",Fibre,UNKNOWN,,,0
"Highland Community Broadband (Scotland, Ullapool)",Fibre,UNKNOWN,,,0
"Highland Wireless (Scotland, Highland, Edderton)",Fibre,UNKNOWN,,,0
Hirwaun Power,Energy,UNKNOWN,,,0
"Home Telecom (West Sussex, England)",Fibre,UNKNOWN,,,0
"Home Unity (London, England)",Fibre,UNKNOWN,,,0
"Hull Fibre (Hull, East Yorkshire, England)",Fibre,UNKNOWN,,,0
Humbly Grove Energy,Renewables,UNKNOWN,,,0
Hyperoptic Ltd,Fibre,IDOX,,23803.7,4
"I Need Broadband (Nottingham, England)",Fibre,UNKNOWN,,,0
"iD Mobile (London, England)",Fibre,UNKNOWN,,,0
ID Net,Fibre,UNKNOWN,,,0
"iDNET (Hertfordshire, England)",Fibre,UNKNOWN,,,0
IFA,Energy,UNKNOWN,,,0
IFA2,Energy,UNKNOWN,,,0
INEOS,Energy,UNKNOWN,,,0
INOVYN Enterprises,Energy,UNKNOWN,,,0
"iNTELLECT COMMUNICATIONS (London, England)",Fibre,UNKNOWN,,,0
InterGen,Energy,UNKNOWN,,,0
Internet Central,Fibre,UNKNOWN,,,0
"InternetTY (Stoke-On-Trent, Staffordshire, England)",Fibre,UNKNOWN,,,0
"iTALK (England, East Sussex)",Fibre,UNKNOWN,,,0
"ITSwisp (Norfolk, England)",Fibre,UNKNOWN,,,0
"Jibba Jabba (South Yorkshire, England)",Fibre,UNKNOWN,,,0
"Juice Broadband (Poole, Dorset, England)",Fibre,UNKNOWN,,,0
Jurassic Fibre,Fibre,IDOX,,,0
"Karma Computing (Newcastle Upon Tyne, England)",Fibre,UNKNOWN,,,0
"KCOM (East Riding of Yorkshire, England)",Fibre,LANDMARK,,,0
"Kencomp (Cumbria, England)",Fibre,UNKNOWN,,,0
Kensa Utilities,Water,UNKNOWN,,,0
"Kijoma (West Sussex, England)",Fibre,UNKNOWN,,,0
"Kinetic Telecom (Essex, England)",Fibre,UNKNOWN,,,0
Last Mile,Infrastructure,UNKNOWN,,,0
"Lawyers-Online (Herefordshire, England)",Fibre,UNKNOWN,,,0
LCC Communications,Fibre,UNKNOWN,,,0
"Lebara (London, England)",Fibre,UNKNOWN,,,0
Lee Valley Heat Network Operating Company Limited,Energy,IDOX,,7289.96,4
"Leetline (England, East Sussex, Uckfield)",Fibre,UNKNOWN,,,0
LF Holdco 2 Ltd,Fibre,IDOX,,35888.99,13
"Lightning Fibre (Eastbourne, East Sussex)",Fibre,IDOX,,,0
Lightsource Holdings 2 Ltd,Fibre,IDOX,,13103.23,2
"Lightspeed Broadband (Spalding, Lincolnshire, England)",Fibre,IDOX,,,0
Lightspeed Central Services Ltd,Fibre,IDOX,,9900.0,2
Lightspeed Networks Ltd,Fibre,IDOX,,33842.9,6
"LilaConnect (Surrey, England)",Fibre,OTHER,,,0
Linear Engineering & Construction Ltd,Infrastructure,IDOX,,13728.0,7
"Link Broadband (London, England)",Fibre,UNKNOWN,,,0
Lit Fibre Ltd,Fibre,IDOX,,28411.0,5
"Locheilnet (Scotland , Highlands , Fort William)",Fibre,UNKNOWN,,,0
London Luton Airport Limited,Infrastructure,IDOX,,10817.09,5
"London Web (Hertfordshire, England)",Fibre,UNKNOWN,,,0
"Loop Scorpio (Gloucestershire, England)",Fibre,UNKNOWN,,,0
Lothian Broadband Networks Ltd,Fibre,IDOX,,10380.37,4
Lumen Technologies UK Limited,Fibre,IDOX,,45547.95,8
"Lycamobile (London, England)",Fibre,UNKNOWN,,,0
M Group Telecom (Mobile Network Solutions) Limited,Fibre,IDOX,,10631.32,4
Mainline Pipelines,Fibre,UNKNOWN,,,0
Manchester Jetline,Infrastructure,UNKNOWN,,,0
Manx Utilities,Water,UNKNOWN,,,0
Marchwood Power,Energy,UNKNOWN,,,0
"Marykirk (Marykirk, Aberdeenshire, Scotland)",Fibre,UNKNOWN,,,0
Mayer Brown Limited,Infrastructure,IDOX,,9429.48,2
Melbourn Solar Limited,Renewables,UNKNOWN,,,0
Millbrook Power,Energy,UNKNOWN,,,0
Moray East Windfarm,Renewables,UNKNOWN,,,0
Morven Offshore Wind Limited,Renewables,IDOX,,7262.38,3
MS3 Networks Limited,Fibre,IDOX,,18010.0,6
"MTH Networks (Northamptonshire, Kettering, England)",Fibre,UNKNOWN,,,0
MUA Group,Infrastructure,UNKNOWN,,,0
Muirhall Energy Ltd,Energy,IDOX,,24239.61,6
"Multidata (England, Wiltshire, Swindon)",Fibre,UNKNOWN,,,0
"N3 (Bassetlaw, Nottinghamshire, England)",Fibre,UNKNOWN,,,0
National Gas Transmission - OS Migration,Energy,OTHER,149043.0,,0
National Grid Electricity Transmission - OS Migration,Energy,OTHER,167481.0,,0
Natural Power Consultants Ltd,Renewables,IDOX,,36234.74,9
Nemo Link,Fibre,UNKNOWN,,,0
Neos Networks Limited,Fibre,IDOX,,208589.6,25
NNB Generation Company (HPC) Limited,Energy,IDOX,,22305.0,5
"No One (East Sussex, England)",Fibre,UNKNOWN,,,0
Norfolk Vanguard Limited,Renewables,IDOX,,8823.61,4
North Sea Link,Renewables,UNKNOWN,,,0
Northern Gas Networks - OS Migration,Energy,OTHER,403552.0,,0
Northumbrian Water - OS Migration,Water,OTHER,381003.0,,0
"NotSpot (Elkstone, Derbyshire, England)",Fibre,UNKNOWN,,,0
"NOW (Greater London, England)",Fibre,UNKNOWN,,,0
Npower,Energy,UNKNOWN,,,0
NTT Global,Fibre,UNKNOWN,,,0
NWG,Water,UNKNOWN,,,0
NYnet,Fibre,UNKNOWN,,,0
"O2 (Berkshire, England)",Fibre,UNKNOWN,,,0
Ocean Winds UK Limited,Renewables,IDOX,,8794.19,4
"Octaplus (Hull, East Yorkshire, England)",Fibre,UNKNOWN,,,0
Octopus Energy ,Energy,UNKNOWN,,,0
Offshore Wind Power Ltd,Renewables,IDOX,,7036.65,3
Ogi,Fibre,IDOX,,,0
"Ogi (Monmouthshire, Wales)",Fibre,IDOX,,,0
OIKOS,Water,UNKNOWN,,,0
"Onebill (London, England)",Fibre,UNKNOWN,,,0
"Onestream (Fareham, Portsmouth, Hampshire, England)",Fibre,UNKNOWN,,,0
OnPath Energy Limited,Energy,IDOX,,48128.4,12
"OpenFibre (Hull, East Yorkshire, England)",Fibre,UNKNOWN,,,0
Openreach - OS Migration,Fibre,OTHER,5076111.0,,0
"OptaNet (Brighton, East Sussex, England)",Fibre,UNKNOWN,,,0
"Optify (Stafford, Staffordshire, England)",Fibre,UNKNOWN,,,0
Opus Energy ,Energy,UNKNOWN,,,0
"Origin Broadband (South Yorkshire, England)",Fibre,UNKNOWN,,,0
Ørsted,Renewables,UNKNOWN,,,0
Orsted Onshore UK Limited,Renewables,IDOX,,69078.82,17
Outfox the market,Energy,UNKNOWN,,,0
Ovo Energy ,Energy,UNKNOWN,,,0
Palm Paper,Infrastructure,UNKNOWN,,,0
"PC-Q (Wales, Powys)",Fibre,UNKNOWN,,,0
PD Teesport Limited,Infrastructure,IDOX,,10365.45,5
Perenco,Fibre,UNKNOWN,,,0
Petroineos,Energy,UNKNOWN,,,0
PFA Consulting,Infrastructure,IDOX,,5741.26,3
"Pine Media (Sheffield, South Yorkshire, England)",Fibre,UNKNOWN,,,0
"Plusnet (Sheffield, South Yorkshire, England)",Fibre,UNKNOWN,,,0
"Pop Telecom (Essex, England)",Fibre,UNKNOWN,,,0
Portsmouth Water,Water,ESRI,35000.0,,0
pozitive Energy ,Energy,UNKNOWN,,,0
Premier Transmission,Energy,UNKNOWN,,,0
Pulse Clean Energy Development Ltd,Energy,IDOX,,5382.0,3
"Pulse Fibre (London, England)",Fibre,UNKNOWN,,,0
"Pulse8 (Devon, England)",Fibre,UNKNOWN,,,0
"Purefibre (London, England)",Fibre,UNKNOWN,,,0
"Quantum Fibre Broadband (Market Rasen, Lincoln, England)",Fibre,UNKNOWN,,,0
"Quickline (East Riding of Yorkshire, England)",Fibre,LANDMARK,215000.0,,0
"Rade Systems (Saxmundham, Suffolk, England)",Fibre,UNKNOWN,,,0
"RadioFibre (Okehampton, Devon, England)",Fibre,UNKNOWN,,,0
Rampion Extension Development Ltd,Renewables,IDOX,,7713.03,4
"Rapid Rural (Leighton Buzzard, Central Bedfordshire, England)",Fibre,UNKNOWN,,,0
Rappor Consultants Ltd,Infrastructure,IDOX,,6587.14,3
Rebel Energy ,Energy,UNKNOWN,,,0
"Rebel Internet (London, England)",Fibre,UNKNOWN,,,0
"RedRaw Internet (London, England)",Fibre,UNKNOWN,,,0
"Reeth Rural Radio Net (Yorkshire, England)",Fibre,UNKNOWN,,,0
"RELIALINK (Bedfordshire, England)",Fibre,UNKNOWN,,,0
RES Ltd,Renewables,IDOX,,121731.15,20
Ricoh UK Limited,Fibre,IDOX,,1120917.39,136
Road Traffic Solutions Limited,Infrastructure,IDOX,,17680.0,8
Royal Mail Group - OS Migration,Infrastructure,OTHER,674407.0,,0
"RunFibre (Bristol, England)",Fibre,UNKNOWN,,,0
RWE,Renewables,UNKNOWN,,,0
RWE Generation UK PLC,Renewables,IDOX,,11562.52,2
RWE Renewables Management UK Limited,Renewables,IDOX,,23429.52,4
RWE Renewables UK Solar and Storage Limited,Renewables,IDOX,,62719.75,10
"Rymote (Durham, England)",Fibre,UNKNOWN,,,0
SABIC,Energy,UNKNOWN,,,0
Sainsbury's Energy ,Energy,UNKNOWN,,,0
"SAQ (Hampshire, England)",Fibre,UNKNOWN,,,0
SAS Associates,Infrastructure,UNKNOWN,,,0
"Save9 (North Yorkshire, England)",Fibre,UNKNOWN,,,0
"Scot-Tel Gould (Cornwall, England)",Fibre,UNKNOWN,,,0
Scottish & Southern Electricity Networks (SSEN),Energy,LANDMARK,930000.0,,0
SCOTTISH HYDRO ELECTRIC POWER DISTRIBUTION PLC,Energy,IDOX,,5533.51,1
Scottish Power Renewables (UK) Ltd,Renewables,IDOX,,79531.55,13
Scottish Power UK Ltd (SPEN) - OS Migration,Energy,OTHER,774242.0,,0
Seabank,Renewables,UNKNOWN,,,0
"Seethelight (Suffolk, England)",Fibre,UNKNOWN,,,0
SES Water,Water,ESRI,45000.0,,0
Severn Trent Water,Water,UNKNOWN,,,0
SGN,Energy,UNKNOWN,,,0
SGN Scotia Gas Networks - OS Migration,Energy,IDOX,839001.0,,0
Shell Energy,Energy,UNKNOWN,,,0
Singleton Clamp & Partners Limited,Infrastructure,IDOX,,20799.95,10
Sizewell C Limited,Energy,IDOX,,12884.0,3
Sky UK Limited - OS Migration,Fibre,OTHER,302793.0,,0
"Smartfibre (London, England)",Fibre,UNKNOWN,,,0
"Smarty (Maidenhead, Berkshire, England)",Fibre,UNKNOWN,,,0
So Energy,Energy,UNKNOWN,,,0
South East Water - OS Migration,Water,IDOX,173409.35,,0
South Staffordshire Water,Water,ESRI,283000.0,,0
South West Water Limited - OS Migration,Water,OTHER,297925.0,,0
Southern Water Services Ltd,Water,IDOX,,409127.86,57
SP Energy,Energy,UNKNOWN,,,0
Spectrum Fibre Limited T/A Ogi,Fibre,IDOX,,39874.67,5
"Speednet Scotland (Ayrshire, Scotland)",Fibre,UNKNOWN,,,0
"Spitfire (London, England)",Fibre,UNKNOWN,,,0
Spring Fibre,Fibre,UNKNOWN,,,0
Squire Energy,Energy,UNKNOWN,,,0
"Squirrel Internet (Rutland, England)",Fibre,UNKNOWN,,,0
SSE Generation Ltd,Renewables,IDOX,,15101.2,2
SSE Renewables Services (UK) Limited,Renewables,IDOX,,63778.69,10
SSE Renewables Services (UK) Limited,Renewables,IDOX,,165958.14,27
SSE Thermal,Renewables,IDOX,,,0
SSE Utility Solutions,Renewables,UNKNOWN,,,0
Star Energy Group,Energy,UNKNOWN,,,0
Starlink (USA),Fibre,UNKNOWN,,,0
Statkraft UK Ltd,Renewables,IDOX,,20043.35,10
"Stix Internet (Northern Fibre) ( Huddersfield, Yorkshire, England)",Fibre,UNKNOWN,,,0
Storengy,Energy,UNKNOWN,,,0
"Stream Networks (Newbury, Berkshire, England)",Fibre,UNKNOWN,,,0
Structured Communications,Fibre,UNKNOWN,,,0
"Superhero Broadband (Needham Market, Suffolk, England)",Fibre,UNKNOWN,,,0
Sutton and East Surrey Water - OS Migration,Water,OTHER,33792.0,,0
SWALEC,Energy,UNKNOWN,,,0
"SWS Broadband (Shropshire, England)",Fibre,UNKNOWN,,,0
"Symmetris (Beverley, East Yorkshire, England)",Fibre,UNKNOWN,,,0
Syscomm,Fibre,UNKNOWN,,,0
"Talk Home (London, England)",Fibre,UNKNOWN,,,0
"Talkmobile (Newbury, Berkshire, England)",Fibre,UNKNOWN,,,0
TalkTalk,Fibre,UNKNOWN,,,0
TATA Communications,Fibre,UNKNOWN,,,0
TDS Southern Ltd.,Infrastructure,IDOX,,15699.41,8
"Technological (London, England)",Fibre,UNKNOWN,,,0
"Telcom (ClearFibre, WeFibre) (Manchester, England)",Fibre,UNKNOWN,,,0
"Tesco Mobile (Welwyn Garden City, Hertfordshire, England)",Fibre,UNKNOWN,,,0
Thames Water,Water,ESRI,750000.0,,0
"The 4th Utility (Cheshire, England)",Fibre,UNKNOWN,,,0
"ThinkingWISP (Norfolk, England)",Fibre,UNKNOWN,,,0
Thistle Wind Partners Limited,Renewables,IDOX,,8280.85,4
"Three (Glasgow, Scotland)",Fibre,UNKNOWN,,,0
Toob Ltd,Fibre,IDOX,,54176.72,10
TOTAL,Energy,UNKNOWN,,,0
Total Gas and Power ,Energy,UNKNOWN,,,0
"Total Web Solutions (Cheshire, England)",Fibre,UNKNOWN,,,0
"Tove Valley Broadband (Northamptonshire, England)",Fibre,UNKNOWN,,,0
Traffic Management Design Services Ltd,Infrastructure,IDOX,,8835.05,4
Transmission Capital,Energy,UNKNOWN,,,0
"Transmitair (Fife, Scotland)",Fibre,UNKNOWN,,,0
Transport for London (TfL),Infrastructure,UNKNOWN,,,0
Trojan Energy,Energy,UNKNOWN,,,0
"Trooli (East Peckham, Kent, England)",Fibre,UNKNOWN,,,0
Truespeed Communications Limited,Fibre,IDOX,,14369.0,5
Trustmarque Solutions Ltd,Water,IDOX,,1126337.48,158
"TxRx Communications (Hampshire, England)",Fibre,UNKNOWN,,,0
Tyler Hill Consulting Limited,Infrastructure,IDOX,,16744.0,8
"UK Fibre Networks (York, Yorkshire, England)",Fibre,UNKNOWN,,,0
UK Power Networks,Energy,UNKNOWN,,,0
UKPN Eastern Power Networks - OS Migration,Energy,OTHER,769428.0,,0
UKPN London Power Networks - OS Migration,Energy,OTHER,72688.0,,0
UKPN South Eastern Power Networks - OS Migration,Energy,OTHER,360808.0,,0
"Unchained ISP (Leeds, England)",Fibre,UNKNOWN,,,0
Uniper,Fibre,IDOX,,,0
United Utilities Water Limited,Energy,LANDMARK,520000.0,17120.0,3
Uno,Fibre,UNKNOWN,,,0
"uno (Sheffield, Yorkshire, England)",Fibre,UNKNOWN,,,0
"Upp (Peterborough, England)",Fibre,UNKNOWN,,,0
"Userve Internet (Shropshire, England)",Fibre,UNKNOWN,,,0
Utilita Energy,Energy,UNKNOWN,,,0
Utility Warehouse,Fibre,UNKNOWN,,,0
Vald Energy ,Energy,UNKNOWN,,,0
Vattenfall Wind Power Ltd,Renewables,IDOX,,58664.07,14
"Velocity 1 (London, England)",Fibre,UNKNOWN,,,0
Veolia,Infrastructure,UNKNOWN,,,0
Viking Link,Energy,UNKNOWN,,,0
"virair (Preston, Lancashire, England)",Fibre,UNKNOWN,,,0
Virgin Media,Fibre,OTHER,1800000.0,,0
Vital Energi Utilities Ltd,Energy,IDOX,,13107.81,6
Vodafone,Fibre,IDOX,,,0
Voneus,Fibre,OTHER,50000.0,,0
Vorboss,Fibre,IDOX,,42256.59,15
VPI,Energy,UNKNOWN,,,0
"W3Z (Derbyshire, England)",Fibre,UNKNOWN,,,0
Wales & West Utilities Limited,Energy,IDOX,,611903.69,100
Walk Wheel Cycle Trust,Infrastructure,IDOX,,21800.0,10
Welsh Power,Energy,UNKNOWN,,,0
Wessex Water - OS Migration,Water,OTHER,293845.0,,0
West Of Duddon Sands,Renewables,UNKNOWN,,,0
West Sussex County Council,Infrastructure,UNKNOWN,,,0
Wightfibre Limited,Fibre,IDOX,,9822.44,4
Wind 2 Limited,Renewables,IDOX,,13543.1,7
XAIS-PTS LTD,Infrastructure,IDOX,,20000.0,10
Yorkshire Water Services - OS Migration,Water,OTHER,62143.0,,0
"YouFibre (London, England)",Fibre,UNKNOWN,,,0
Your Coop Broadband,Fibre,UNKNOWN,,,0
Yu Energy ,Energy,UNKNOWN,,,0
Zayo,Fibre,UNKNOWN,,,0
Zen,Fibre,UNKNOWN,,,0
"Zone Broadband (Northumberland, England)",Fibre,UNKNOWN,,,0
Zzoomm Plc,Fibre,IDOX,,67383.18,12
